id,first_name,last_name,user_name,gender,email,country,created_date,status
1,Barnabe,Serridge,bserridge0,Male,bserridge0@examiner.com,USA,2022-01-01,ACTIVE
2,Wernher,Leeds,wleeds1,Female,wleeds1@unesco.org,USA,2022-01-02,ACTIVE
3,Mathian,Zoppo,mzoppo2,Female,mzoppo2@dailymotion.com,USA,2022-01-02,ACTIVE
4,Petronia,McKibben,pmckibben3,Female,pmckibben3@amazonaws.com,SPAIN,2022-01-02,ACTIVE
5,Marylynne,Rossander,mrossander4,Female,mrossander4@tumblr.com,SPAIN,2022-01-01,ACTIVE
6,Meridith,Jacmard,mjacmard5,Female,mjacmard5@earthlink.net,SPAIN,2022-01-02,ACTIVE
7,Domenico,Rockey,drockey6,Male,drockey6@g.co,COLOMBIA,2022-01-02,ACTIVE
8,Jesselyn,Southan,jsouthan7,Female,jsouthan7@facebook.com,COLOMBIA,2022-01-02,ACTIVE
9,Avrit,Winsiowiecki,awinsiowiecki8,Female,awinsiowiecki8@miibeian.gov.cn,MEXICO,2022-01-02,ACTIVE
10,Lynn,Sharland,lsharland9,Female,lsharland9@themeforest.net,MEXICO,2022-01-01,ACTIVE
